№,Offer ID,SKU,Product ID,Штрихкоды,Название,Старая цена,Цена,Маркетинговая цена (по акции!),Мин. цена конкурентов,Мин. цена (др. продавцов Ozon)
1,PA6M8MQY,ZBW4S6UJ,54222238,0364118324513,Product_4YY40J,17 906,14 325,13 238,8 093,0
2,1DZCI940,GKEY88VB,40674245,4494947124265,Product_QW6CV0,19 950,15 960,10 556,0,0
3,AGEBKD21,FQMWCKPG,26346511,7744346316529,Product_IU6PJN,18 881,15 105,10 329,8 553,0
4,RQ1N6OZ8,9GVBVM74,95320857,3451807123050,Product_67EPWQ,32 363,25 890,23 477,0,0
5,3YVZ3UMV,DQ8GV1IZ,89307997,9046720229475,Product_UAR0XC,6 563,5 250,4 120,0,0
6,JAQINESJ,85DZ041Z,46853529,2770161900449,Product_2MS7IQ,15 806,12 645,8 301,7 740,8 915
7,JBKUWWB0,DXWWMWB9,05809645,8136030383294,Product_V0FKJM,52 894,42 315,13 604,24 706,0
8,4CV4K45W,270EFYPX,92489626,4733253687709,Product_FHIFP1,40 631,32 505,22 442,20 871,22 484
9,7OE40A01,5HS7C10R,63632994,4231620766107,Product_UYRKIA,18 881,15 105,10 329,0,0
10,UL7O7GC0,3H3A8ES7,44757041,1279506757450,Product_J10LHY,32 963,26 370,18 207,15 815,19 131
11,77ZKS8VE,IT51BFIO,07162642,7780833109277,Product_NP5629,32 963,26 370,18 207,0,0
12,DIBCX70J,19PHPORD,20090300,0128836094471,Product_D2KTCN,59 981,47 985,47 356,27 113,36 053
13,KL84874E,PRVKRBU1,26538594,3734273051823,Product_TVX42P,35 813,28 650,18 996,0,0
14,H7HHDC78,UPAIJQXD,53995249,9925315605033,Product_DJXTJL,73 894,59 115,53 546,27 111,0
15,T57LWZOC,OSD4MJ7G,01668060,9882210741971,Product_AZ4TN8,56 363,45 090,16 604,26 325,0
16,W0JM48C4,4ZXTPJ5W,58948401,1931090168727,Product_5IDHLA,42 825,34 260,23 654,19 377,24 504
17,XU6ALE0K,S7A8B4YA,80272784,2537301528662,Product_8OQ9O0,83 906,67 125,42 641,0,0
18,GV0BUJIM,FNXJ5QSK,13812251,4065975857511,Product_5QL8ZD,98 813,79 050,46 542,47 386,0
19,LSEC47BN,S4PLRK7F,81839886,7401574891398,Product_0G41NV,76 763,61 410,31 901,36 767,0
20,18BWZ8LO,1BR7407E,99787365,9922220320185,Product_M33709,35 138,28 110,19 939,0,20 120
21,TE8ZNND3,86J5D1RP,81686218,6045372339970,Product_WGL6CX,18 356,14 685,9 847,0,0
22,LZFQ5BOW,VTS5CCTP,60921145,7612262658196,Product_FOG0ZJ,42 825,34 260,23 330,0,24 504
23,A3MOEHQ7,9LZ8NLZ9,89066376,3411516059375,Product_27IO99,50 269,40 215,26 664,22 723,0
24,DQC5GTQA,M01FCC0U,49077658,7784522918839,Product_5NZ85Y,15 131,12 105,11 186,6 839,0
25,4GTTYP24,K4BRHMH2,74496631,1913848272715,Product_U09D75,23 100,18 480,18 480,0,0
26,TBRB7TWX,YBMRH60W,39164636,6342844829190,Product_98ZLNE,28 444,22 755,15 082,12 856,15 894
27,P17QBTB2,CQYQWKEU,09975861,5217350227619,Product_UQ52U9,20 325,16 260,11 269,9 186,0
28,KXVI0SD5,SFXTKS5Y,64506148,2129933401382,Product_ER3W15,20 325,16 260,10 518,0,0
29,LGKZH480,YI6RHM42,51962795,4360541775287,Product_A4JJM9,15 281,12 225,8 033,0,0
30,THXO6XL7,Z33ZH005,09195236,1370227901961,Product_P8B756,16 931,13 545,8 660,7 653,9 481
31,ILW3RLWB,6AVI22ZR,06326706,6187039866037,Product_D0AZK5,123 263,98 610,34 151,0,0
32,9YOVWYTY,IFBI00LB,09586079,6198838462609,Product_ENMQG3,18 881,15 105,10 329,8 553,0
33,9OQOJV22,CI5WI395,74954337,6987196663012,Product_L5N72P,32 888,26 310,16 476,0,17 737
34,ZXH2UWU8,FNM6QXJA,72144446,4406630447791,Product_O9NX80,23 100,18 480,17 308,10 440,13 184
35,999843QG,U3DSK9E7,55222234,2216529580568,Product_H2ZGJ3,15 131,12 105,7 739,6 839,0
36,GIA5SENA,QTDI4BAW,96508987,2714156000216,Product_I749OL,21 000,16 800,11 488,0,11 808
37,TLBWVHIG,F2DILKM3,85874402,0164174132899,Product_67D8E4,20 175,16 140,13 603,9 879,0
38,KE8OC8HD,PS4KB2GR,30674018,7228242458997,Product_6RUWSR,22 350,17 880,16 460,10 944,0
39,Q4AE6REZ,MWZS2SVS,44026421,0170857998828,Product_264XHK,32 963,26 370,24 941,15 815,19 131
40,ZCC66DT3,7IPR4N6N,22896501,0651619963762,Product_KSV32Z,32 363,25 890,18 186,0,0
41,BFSBPRR0,56DVJFUU,13630977,7512463484637,Product_8H4UH8,37 931,30 345,30 345,0,0
42,KGP0FKRM,5LI7IO11,69588616,6509790008375,Product_UO8YHG,98 813,79 050,46 542,0,0
43,E7L3MCUO,8AGNW2L3,35519489,3454185941000,Product_KXVABU,28 444,22 755,20 634,0,0
44,2TVGKNMA,MMPER8IH,09173851,8028360419804,Product_220QX5,34 388,27 510,18 234,15 547,0
45,2KRV5KMT,5SNQ5MBG,97754527,8023152715261,Product_5WTD59,12 863,10 290,10 290,0,0
46,T8XFZ32K,H2B6UCQ9,91619158,2353105021133,Product_LYO2WK,30 769,24 615,24 615,0,0
47,H367QPJF,VWSRV759,70593804,5899650447918,Product_SLRRCB,43 950,35 160,30 442,20 529,0
48,BPXGIALB,CZ64IGYI,06877603,6451851535962,Product_JJ6D6V,120 919,96 735,63 964,0,0
49,CMXQ1G0N,NAKZPR2P,86142788,6528055478014,Product_SEQ1XA,26 269,21 015,19 056,0,0
50,8MXWHYBJ,P9OQ3S81,89303003,3033704198194,Product_RNFNFE,34 388,27 510,18 240,14 865,0
51,22TS7Y5Y,84N17UML,49501661,3207327181700,Product_31AOF3,28 444,22 755,15 711,12 856,15 894
52,3HJ8JMZE,63NZGGF3,00538220,9316481297962,Product_GDBVMG,25 125,20 100,14 119,12 278,0
53,7UVGABZI,JT0DT2E7,03577022,3701557719110,Product_P8UHVN,17 006,13 605,7 443,8 327,9 550
54,OG3NH7UA,DYUQ96BB,04710179,5048574601309,Product_5K1UWR,20 325,16 260,10 968,0,0
55,VCKIQJX2,ETU9WX91,82198353,7506982249181,Product_QGMLPA,41 081,32 865,32 865,0,0
56,HZDROMPJ,VII4ZRUB,15750443,4118354846456,Product_XAIIVB,7 969,6 375,3 062,0,3 771
57,OP495NTK,8WZ99YX5,69563614,1372687741735,Product_14NLLF,57 788,46 230,24 853,0,0
58,RXEUVBSP,T7J3DX20,30601564,9932526188206,Product_Z9PNXA,34 388,27 510,25 293,0,0
59,PVD0DZN3,VHVPWRLE,10404742,4293799258342,Product_Q7U7IJ,43 204,34 563,22 587,0,20 283
60,4IQSJPG2,9YJ955K2,92420053,3855827787254,Product_GM4ZL2,49 069,39 255,27 474,0,0
61,9S2A2Y2G,819Y5A04,95241414,5225428593022,Product_FG4LT2,37 931,30 345,19 576,0,21 971
62,VDXY71U7,FWHYTBL3,60741813,9554027708412,Product_QN96LE,32 363,25 890,18 186,0,0
63,37YDBYSP,K90BSE72,63967062,4968046585032,Product_ERC9FU,28 444,22 755,15 082,0,15 756
64,B4UJUEPX,HNF6PAUO,02825988,9647224554465,Product_3ZO9ZV,25 594,20 475,19 365,11 568,12 182
65,IVXYJWUP,Y8K57PL1,76828197,4282198912032,Product_DK8YX2,20 175,16 140,10 674,9 879,0
66,DSEM4KPQ,7IVTX6KK,94799403,6735004301697,Product_7CU7NV,36 956,29 565,29 565,0,0
67,31UM6GBW,LRG8XWVA,17309276,2761299503739,Product_R60OJL,128 006,102 405,89 465,0,0
68,1Z1XFM9N,AY8KB1TG,52698855,7158683640892,Product_W19H41,43 950,35 160,23 628,20 529,0
69,HUF92QTX,F8HDLDT9,77146621,3736418308906,Product_LLDVRV,15 281,12 225,7 925,0,0
70,1TYT2QVS,LVLYIUU7,83445080,1969477975001,Product_BIR0ZK,16 931,13 545,11 871,5 357,0
71,C5PKVGO3,ZIH226G0,78926724,1018816576668,Product_0RP435,21 945,17 556,11 611,0,12 344
72,T8DISIXV,M6GG1PHO,99564845,7564104079045,Product_9137R4,19 331,15 465,7 813,9 539,10 806
73,52NRAK8V,GX90H2J1,95251032,2199385161133,Product_30RV8Q,20 325,16 260,11 419,0,0
74,KQ0J5RIL,PVJ0W4DM,55261403,2187997647820,Product_24ODIC,15 281,12 225,8 033,0,0
75,4EOUPKIU,Z7T8Z60H,79200827,3761967587117,Product_VU20GH,23 100,18 480,16 920,0,13 225
76,TO1H1D2R,BULNILZH,45409741,9011583865185,Product_IPB2M9,41 081,32 865,32 865,0,0
77,WUDLALK9,TXVV6VY2,03576806,7375611951900,Product_CEJSJD,54 863,43 890,25 561,0,0
78,LJVFMPYY,1XG226LP,33641647,5389816705881,Product_FAY0FI,15 131,12 105,11 186,6 839,0
79,9W43O79U,MR31M0GA,43098944,1916180914152,Product_MNT2MP,28 444,22 755,15 558,0,0
80,T2V7NW3G,F98VFXM1,73370655,7917735555940,Product_ZYQMAW,18 881,15 105,10 329,8 553,0
81,S28TM4I0,9NMINELZ,00262380,1238346428770,Product_3KUKFZ,28 819,23 055,7 165,13 243,0
82,WEAM5YEQ,XZOND1FN,44582900,7573523613869,Product_FDIQCX,73 894,59 115,35 523,27 111,0
83,PE60X858,WXJQD88N,93282491,4625129420771,Product_50DDEG,40 631,32 505,17 954,20 871,22 484
84,D39MBMCH,AGFLDYDL,20226875,7137435125459,Product_9CHQA0,25 125,20 100,10 216,9 339,0
85,1HXJE5CG,EQ7EPQ0B,33319155,6051160924654,Product_EUYMAG,26 250,21 000,13 381,0,0
86,TB3NT057,165W050C,60385314,8636882548103,Product_2U18HV,53 888,43 110,23 948,0,0
87,XL4U7MEZ,KEQXKQKQ,33475747,6029755699501,Product_GBKK6M,36 956,29 565,20 692,0,0
88,QCSI37JB,5B0A7V32,18376736,3786785937329,Product_47DPA1,17 456,13 965,12 905,7 889,9 804
89,UYR81WEN,74L1G9Q9,55221959,9111736878384,Product_FW0R9C,17 456,13 965,7 441,7 889,9 759
90,6EALPFQR,2YK3RWRS,99462204,5898092121855,Product_R8JJ1I,54 863,43 890,25 561,0,0
91,8A5V4IK1,2P1VWXJS,75530029,7122288432740,Product_SLU242,19 800,15 840,9 230,0,11 704
92,3IBYU0IB,CH36840D,78085731,7402070571525,Product_0C9BX9,20 325,16 260,11 419,0,0
93,G77H5NNY,R19YR1AC,45282321,6660088925904,Product_UBKC8I,57 638,46 110,46 110,0,0
94,5MITS8SD,0LOZYKJN,63965719,1542827310642,Product_4BP1LM,35 138,28 110,19 939,0,19 694
95,DX37XXYM,8Z31Q0NA,93265518,2885251931918,Product_ZR8POY,43 950,35 160,30 442,20 529,0
96,35C3JK32,Y1WLARPL,69003356,9470864732160,Product_RLAIJ8,56 363,45 090,25 588,26 325,0
97,ZN8XVFQP,DF25YE16,22007583,8817401616957,Product_JJRAV1,38 981,31 185,31 185,0,0
98,9JBLALEP,Q2B3QWFX,04022992,0165509942571,Product_W2OREO,87 883,70 306,21 141,0,0
99,7H1GC6YH,VLHSYPP2,33401354,4341864774979,Product_NYVH3W,16 931,13 545,8 660,7 653,9 644
100,IRMERZCZ,UZO6N84C,48296469,2160259846176,Product_OGIO06,34 388,27 510,18 240,14 865,0
101,451CC67Y,AYLPTVWN,97509701,2208247632905,Product_LMDE28,60 206,48 165,29 190,0,0
102,XO04SAJP,68VCIY6R,53018362,1611858242967,Product_XKKC6E,57 188,45 750,25 415,0,0
103,WKSGN61T,ASNO0QYT,60949925,1459706843493,Product_CSH9QF,43 950,35 160,30 442,0,0
104,WYC6V68K,7K63QV1G,66212058,5287881911695,Product_OMKOYS,15 281,12 225,7 599,0,8 647
105,BAGGINGW,5NCSEI6N,10161605,4723347207917,Product_MZJX4U,40 631,32 505,22 135,0,22 484
106,84XM4KPZ,3JFDOEQN,60847712,6353175284061,Product_H8J0OB,120 919,96 735,87 623,0,0
107,LMLHPUKI,LTR5407U,66417706,4185923046677,Product_MIGHFP,28 819,23 055,8 189,13 243,0
108,E2ZTVIVV,V4UV7ZJE,06828499,4115846127063,Product_H58JZS,28 444,22 755,12 435,0,0
109,CD5ZX0UI,MQT138RY,82646566,6908575594200,Product_ZOURVP,21 375,17 100,11 061,9 661,12 087
110,H8TYVSI6,0RDHFB2D,41237358,5835379481148,Product_DGAC9W,47 025,37 620,24 269,0,25 503
111,B9ULD5JH,H1QSUCGM,47163330,9646391135076,Product_179TMV,16 406,13 125,8 736,0,0
112,0X584J20,Y3OJ3UO5,85572562,1153125308901,Product_V749GT,37 931,30 345,29 219,0,21 971
113,PIIZJJGJ,NOUXD0CQ,77669401,2155613158690,Product_GERAFC,53 888,43 110,23 948,0,0
114,7I1SLHN2,0HA1VF2J,94932828,4939288259878,Product_PSMFAP,55 838,44 670,38 347,24 293,0
115,VNXOGUY6,6VCMXN0O,75497552,0850949938696,Product_I9DG4V,32 363,25 890,18 429,0,0
116,ZMYO78AF,N00U9GJ5,66140879,8358509913349,Product_VBYG47,67 698,54 158,19 000,34 317,0
117,ZL2BWA6S,QHL2DCYU,89329571,6603140602711,Product_KEDESK,26 419,21 135,19 351,0,0
118,5XH30S39,XFUJUF39,40371360,5547227461228,Product_378SFM,33 488,26 790,17 069,0,19 007
119,AS1LKKHV,V2BA23J4,19741995,4058750045150,Product_P3LDFK,18 356,14 685,9 712,8 328,0
120,ACOJSR9H,P6GY0AF5,16780405,0189976612359,Product_551UEY,34 388,27 510,17 719,14 865,0
121,4MQ2GZ4L,YZTFWL9V,80761077,7752643849098,Product_62DY8A,37 931,30 345,29 219,0,21 971
122,XK4WV1RM,202F9TOQ,64582541,4821590141444,Product_AUOUTX,32 888,26 310,16 946,14 865,0
123,4FRVXYWV,3701QJ2W,25985480,3070571584159,Product_VWACDG,16 931,13 545,8 660,7 653,9 481
124,YSVF3MOV,J6RUQANG,52993676,9811961877182,Product_GB23CJ,67 698,54 158,17 616,34 317,0
125,LQ2TXR54,91EZIZ5X,25502879,3521699966698,Product_TKNX7B,26 269,21 015,19 056,11 873,0
126,JAT0ZM92,1CO0LJ43,76373373,1351456772480,Product_HBFL02,32 363,25 890,17 216,0,0
127,JTMK7MMT,BCQO8I00,95683251,4904507656463,Product_GKGWGN,8 194,6 555,6 555,0,0
128,SBLWZZ4I,8WZ9UF20,41117358,6630006894364,Product_G2BMB7,23 100,18 480,17 308,0,13 184
129,8ZJBL5B8,5Y8LYBCN,62600466,8404745484800,Product_DPH0UX,18 281,14 625,10 001,7 987,10 282
130,Y7HZBMID,IBON3PTH,84086976,7148819320801,Product_A8LPDI,128 006,102 405,39 560,0,0
131,F0W7JMM8,52VLPJIL,41763256,5315317710678,Product_AHHI70,21 000,16 800,11 644,9 736,11 808
132,8692OM0J,53S68B7W,88182673,2061135816680,Product_1R8EO2,35 138,28 110,28 110,0,0
133,8OCF3SE3,EAY2N0G3,85243704,0547772942183,Product_7AMCSR,98 119,78 495,37 061,48 048,0
134,124CQ5HZ,25GHW5ON,42114629,4513688928745,Product_MLJ30S,25 594,20 475,20 475,0,0
135,IOT7I7AX,IRC6CBG5,50918134,7421757175434,Product_T6VLAT,28 444,22 755,12 960,0,0
136,XU3U4IZN,UMGN4QR7,71959233,9506179068113,Product_M86RHU,19 800,15 840,9 230,0,11 704
137,ZF6UXQ4D,2SY4Y075,12918253,9113137912353,Product_CG14SF,17 906,14 325,9 795,0,0
138,YQ1XHVI7,NU8MLEGI,88013410,2818565872832,Product_FJ1R8N,42 128,29 490,29 490,0,0
139,PD7G92SA,DH1Y1HPA,90554953,7993564185032,Product_XRVNE9,23 100,18 480,9 759,0,0
140,STQ4VAXB,X8ATDE5L,60617098,9934811488037,Product_W1VRM9,16 931,13 545,8 660,7 653,9 524
141,D3M8ZV0T,L39I1616,46584378,8232023132866,Product_WOV5LE,56 738,45 390,27 505,0,0
142,906E09A8,Q2HXN7LE,44565578,4211852069189,Product_32O5QZ,43 204,34 563,22 587,0,20 283
143,0P49OZ4K,TUUYIPID,87320290,6603374621358,Product_0J7NCH,19 481,15 585,9 305,9 539,10 948
144,X6PSHHQB,M0WCDV85,46371442,7228877296168,Product_2J6UDW,35 813,28 650,18 996,0,0
145,7ZP016GZ,PIKEO2IR,91667026,3602012648514,Product_EJTQ45,28 444,22 755,20 634,0,0
146,MFU6DJC9,LVX7K87K,52322049,6356543546817,Product_PWDIAD,34 388,27 510,18 240,14 617,0
147,8NHR7RJD,1DCYM7S7,61807745,5625703954095,Product_U7IJNL,16 406,13 125,8 736,0,0
148,CG4V568E,XJPJ5SK8,62707812,2892409881420,Product_LLTKUT,120 919,96 735,64 840,0,0
149,12EBKGES,GRBJFQNI,22582961,6910645361122,Product_3DAL2D,30 769,24 615,24 615,0,0
150,HNV2Q2F6,7L0CXFWK,13504457,8284906716614,Product_1EGID2,33 488,26 790,17 069,0,0
151,VA15AJ7A,FYCDJSNQ,77330221,4120537879873,Product_WADDX8,25 744,20 595,9 515,11 830,0
152,YURXFB60,7P5REU59,90728574,8736722338108,Product_NFY95W,17 456,13 965,9 420,7 889,9 804
153,PMZL3KU4,60XN4525,44702975,0805633296647,Product_5V30L7,30 769,24 615,24 615,0,0
154,2G6BDJDF,QNK9OWDN,45578862,0455321691671,Product_QI0CT8,18 281,14 625,9 460,8 263,0
155,DRR7EPWU,0IZCZADW,10860544,3054159976731,Product_LOZSJM,50 269,40 215,26 664,0,27 272
156,D5I0ULU1,GX77LPRB,19848508,0456833131671,Product_UAYOGK,22 656,18 125,13 652,0,0
157,PX48HN74,H9UIL8H2,32019260,8685391474478,Product_MIAR77,23 100,18 480,12 466,0,13 118
158,DA50NYHE,I1SMXJHP,55036347,2166260249144,Product_SKOHYF,41 081,32 865,21 758,18 574,23 363
159,RJUT6LI1,L6L90GIW,73508914,8844089220555,Product_9HOTMH,49 069,39 255,27 845,0,0
160,67XIB5SE,G089NJ2O,71344097,4844387358460,Product_DC7KNJ,42 825,34 260,21 062,19 377,24 504
161,VMZBHU07,KLP1NE89,82284551,5422996410010,Product_Y2YK7F,128 006,102 405,89 465,0,0
162,H95TQOE3,KLC0M0HS,90693504,1241068246355,Product_XQLYCE,17 756,14 205,9 655,0,0
163,HCW5ADKD,JVG4C0T0,19360638,1074125295894,Product_TD889B,33 488,26 790,17 069,0,19 007
164,FAYI3ESF,3ERLYUBN,18622466,0178020248631,Product_IYR8P0,15 131,12 105,6 450,6 839,0
165,87DAYH9I,VRBRXB6T,83343880,3736391586617,Product_5RKW98,17 906,14 325,13 238,8 093,10 083
166,8OGGJ3J9,0RKPVWLP,97460026,7908933156626,Product_H8G962,53 888,43 110,23 948,0,0
167,NJ8PD2QO,U1UQ1UDT,63999386,2097906698583,Product_FP6GBM,83 906,67 125,60 802,37 927,0
168,ESA99J8S,3E8C35TI,30450961,0190220208442,Product_EQZPNU,98 813,79 050,46 542,47 386,0
169,LT5NYUFR,LVQ6KAMI,58732443,6565070985002,Product_A20A88,18 881,15 105,10 050,8 553,0
170,N6Q6CDTP,22HKA6P6,21096210,5142816710188,Product_ILEWIK,34 388,27 510,16 461,15 547,0
171,I06B3YSV,832VX92X,23299498,3410102680891,Product_52SWVO,26 419,21 135,12 108,0,0
172,U2N7BPUQ,FEMMPLMR,83462842,6327270449819,Product_F0ZEQI,32 363,25 890,23 477,0,17 935
173,2WP7L1G1,CQK6UXJY,17501720,1440357299027,Product_IFI4J5,22 656,18 125,13 652,0,0
174,0R8X7JHG,PTXLNRCV,16423900,4106823449972,Product_JO3DUH,20 325,16 260,15 229,9 186,0
175,ZWJ6IFEF,10MXMEP4,11236720,4200997317274,Product_AWP3XX,16 931,13 545,8 660,7 653,9 481
176,8G8X9B3K,OJET8ZGO,81471096,5139861960202,Product_SNQ839,123 263,98 610,81 834,0,0
177,C80N8M3D,N4WM4K79,26784185,9136571675630,Product_OZ66HS,36 956,29 565,20 692,16 740,0
178,MOMHOWBZ,71B1L6ZC,94507268,3016696999989,Product_UVPRBU,25 744,20 595,7 315,11 830,0
179,QMJLCM9M,988DN7MP,07697766,3350455643216,Product_D2SDCM,52 894,42 315,15 582,24 706,0
180,QQQVNHYI,PDVTGUHS,68717767,7307409033419,Product_TIJ2PO,21 000,16 800,10 867,9 492,11 808
181,MRR32QJ6,K8P7SVWX,58942813,2093449112060,Product_IKNLEI,21 000,16 800,11 644,0,0
182,QI23Z03V,4NCCE75O,91034205,5101763591924,Product_6EFORX,16 931,13 545,8 660,7 653,9 524
183,DMHGNVUU,KW07QIU7,40710045,2733713744535,Product_P8REP9,25 125,20 100,14 119,12 278,0
184,Q9L3JHXS,44T74OC2,07231424,1367075774998,Product_9DDJZO,23 100,18 480,16 421,0,0
185,DHXRO6WL,MQK5QRUJ,47012792,8334057856684,Product_TRSUT5,35 813,28 650,18 996,0,19 565
186,2KRW8WS0,MQVJADU7,64797464,5916623133307,Product_PCGHH3,21 375,17 100,12 010,9 661,12 087
187,ZN0M3NUM,P2EHQNST,51648906,7082300710047,Product_HRT74J,31 163,24 930,24 930,0,0
188,A9EWV5ND,LP9M7ZXH,47484438,7998389788504,Product_3YPG82,17 006,13 605,8 931,8 327,0
189,WZRJOXBA,7PXBXFI6,92636760,0398421235802,Product_C8HY5X,23 100,18 480,12 637,0,13 225
190,ZOYNKBZB,M9PMZKLU,27871919,7526427895304,Product_B8KF0L,23 100,18 480,11 954,10 709,0
191,2KA3M94D,SXUZZW9C,06975926,9480160098125,Product_N6SJ1W,26 250,21 000,13 381,0,0
192,9MWNEMRB,XAX2F60V,70097189,7325329768436,Product_T9WVUN,49 069,39 255,27 474,0,0
193,4LC4DMTN,73C72W3O,28776815,9005343874407,Product_ZL3OWW,17 006,13 605,8 807,8 327,0
194,V9H5OVGE,QTR38KBW,18520960,4212172415320,Product_8XTGKX,18 281,14 625,10 136,0,0
195,HQL28UOU,UO7SLAOD,70561890,4818256694468,Product_VC7RPG,57 788,46 230,41 256,0,0
196,EWLLZO1A,V7EQ52B0,91200595,8120008828562,Product_EEB8Q5,28 444,22 755,14 918,0,0
197,S5H5HFS2,DEKMWOAF,16562032,8412127157310,Product_JG36WZ,23 100,18 480,12 978,10 440,13 184
198,O9DTYOW4,2IGQPFDT,70891422,2638608188307,Product_YT8SB5,76 763,61 410,31 901,36 767,0
199,ZRMGJ6W9,TZA8H7CT,86782781,3180761818383,Product_BFAKKA,17 006,13 605,8 063,0,0
200,REEOENTE,GXVID2CC,30792327,5784838727093,Product_GPOR4Z,37 931,30 345,20 664,0,21 240
201,4N9EMVDC,VYTCS71U,99714652,3471322457584,Product_P4V4ME,57 788,46 230,40 160,0,0
202,KCQJYHH2,NTWLJ94S,64121740,1225995715769,Product_5EQS54,25 125,20 100,14 119,12 278,0
203,Z07KX3E9,TJGEHRWY,24712846,5056376378860,Product_NETR5C,25 744,20 595,5 486,11 830,0
204,MEG2UPIS,6Z38S5UI,52436956,8227635923334,Product_QFUR2P,60 206,48 165,29 190,0,0
205,S8AYBJ7Z,J90RKWQ8,28651353,1214299152803,Product_0TG5X8,15 131,12 105,11 186,0,0
206,IALLRHS5,V9ZHE9Q5,48521169,8863458500095,Product_0L2P9E,38 981,31 185,31 185,0,0
207,9VE9QILC,UN97JN70,48808308,0789706355312,Product_RY38E0,76 763,61 410,31 901,36 767,0
208,4QC79EIT,AFR082Q7,89038113,1972219696931,Product_JZW060,87 883,70 306,22 048,0,0
209,D1V0K9JC,MBI2M7WH,03348800,9460014251623,Product_6NXZ2F,49 069,39 255,27 474,0,0
210,B9THBE3U,8DYLZLOO,11646722,8013805252120,Product_SRUUFK,17 006,13 605,8 063,0,0
211,22VZYPHR,Z8GE77S4,60980206,1423781951110,Product_Z7M559,35 138,28 110,19 939,0,20 120
212,V8YIXNSF,876XWB5M,51436836,1819651679065,Product_BZ406Q,52 969,42 375,42 375,0,0
213,S8KBKN3T,JF2BWBI9,68075789,2254760833656,Product_G1IS7G,47 025,37 620,24 943,20 902,0
214,8IWNCABB,J98IFR0I,24894111,2667895895973,Product_U18CF5,23 100,18 480,12 295,0,13 225
215,KU1GOS7G,GIX9D0I7,96511292,6156927929411,Product_DR07SR,19 950,15 960,9 626,0,0
216,QPQJTK95,ECQL5IUI,60356591,8982524000161,Product_1UUTQN,35 138,28 110,26 586,0,20 120
217,86Q198BE,31JL6I63,63787053,9128735465622,Product_7BCGNS,128 006,102 405,39 560,0,0
218,ZJ773FHY,HSJEUTEM,14965876,1663212491921,Product_DUY5HG,28 819,23 055,8 189,13 243,0
219,EE3LCRMI,C59YVTCZ,75307650,9607444752369,Product_I6JFEK,36 956,29 565,19 573,16 740,0
220,A4X5K757,ZCM0I95I,57790235,6145785354899,Product_U3IT19,6 844,5 475,3 524,3 479,0
221,S9GNRJUZ,VE7O3EPB,29733819,9298747690558,Product_6AFL2R,15 131,12 105,7 739,6 839,0
222,8LAQERUM,A28TD7HD,21076989,3961675362116,Product_AHJANX,35 813,28 650,18 996,0,19 565
223,58H03GGE,NHVJ4LVT,06369207,7404825580525,Product_6IQHDR,23 100,18 480,12 978,10 440,13 184
224,U4HC5VP7,3ZWFEQZW,24772951,2401373700144,Product_ZE8QXR,21 375,17 100,12 010,9 661,0
225,YY1FCOLA,C16U2Z1S,60952829,6537764690529,Product_1WCDUZ,25 594,20 475,13 542,11 375,14 345
226,TPW160BG,KOQ6O3Q1,89323015,0081586657240,Product_LPRKII,25 594,20 475,13 542,10 797,14 345
227,2Z1RQY8F,OKDKE6U4,21531433,9675876952707,Product_6RF1J1,7 969,6 375,3 062,0,3 771
228,O674KSFX,KTGTO4FC,72323951,5331970358803,Product_CRPF6B,28 444,22 755,14 918,0,0
229,E71FHUE1,KAU6OOX6,09753475,6973980683697,Product_X0CKRM,26 419,21 135,11 509,0,0
230,VYJ0L3LY,AC94CJSW,25057930,6061933607564,Product_293L8P,42 825,34 260,23 330,0,24 504
231,6RHXSXT7,35M2HULX,31711499,8737494958047,Product_RO6RAQ,35 813,28 650,25 670,0,19 565
232,SOKV2U13,P9UUBI9M,56439501,1496951946986,Product_7LI9OK,25 125,20 100,12 073,8 263,0
233,5BGNSA1Y,MXN9SROP,47868100,1014802263985,Product_28O6U2,17 456,13 965,8 184,0,9 804
234,SHBYBHJF,O523CAF8,05007908,4061100819863,Product_6AYDCX,21 375,17 100,11 852,9 339,12 087
235,9K8WNS6Q,C9YGTYK5,20460351,9663299765870,Product_1FNPQE,50 269,40 215,26 664,22 723,0
236,VFRRNRJQ,M19V8H1I,03463724,9091443288074,Product_9ABWLS,50 269,40 215,26 664,22 723,27 272
237,CS7QLBKW,WIYSUK5C,01154210,4564696518386,Product_6P7V7O,17 756,14 205,9 525,0,0
238,7MPDACEO,49NC5GWO,04443329,5085796601608,Product_MST237,28 444,22 755,15 292,12 856,15 894
239,7XE4O2DO,31W31QOP,34238408,8962056509638,Product_RGNNJH,30 769,24 615,24 615,0,0
240,RVYDPAR4,SDB7SUEM,83178021,8295943050537,Product_F9LWVC,26 269,21 015,13 594,0,0
241,BRV8WXIL,R7WOFN89,52484176,8431866059958,Product_CW18VH,25 744,20 595,8 229,11 830,0
242,ZEZPM8WW,31EEYSAP,27016806,2574155146713,Product_VPQNES,31 163,24 930,23 579,0,0
243,W30DEI8K,V49XAKU4,33421073,4919104532331,Product_M9GFAX,34 388,27 510,16 461,0,0
244,SQXK4R4H,MC8TWO24,53812232,4197019920052,Product_CQ808D,32 963,26 370,18 207,12 856,19 131
245,4T6ACZ4D,VCO3JTN5,43144243,4810349261667,Product_GOWWSC,87 883,70 306,24 666,0,0
246,4MUZZ74A,WAVNNK4U,77076388,4005905556071,Product_P1MFQD,26 269,21 015,13 594,11 873,0
247,QXYH3NO4,9T36A2K8,88159663,4670227098546,Product_5MWNUP,50 269,40 215,25 583,22 344,27 272
248,NBVSZOXN,ANZ96BKC,43272696,8093463728931,Product_0HNVUW,15 806,12 645,8 416,7 740,0
249,DDFU42VG,9AN8DJNH,71908627,3123415013648,Product_EXB5UP,56 363,45 090,16 604,26 325,0
250,BR5ZLQGD,MM5VLT9B,56184839,3944760427833,Product_SFTOZN,15 281,12 225,7 925,0,0
251,C80U11K3,IW4LVPVD,49687977,1268978555396,Product_M06V1Y,22 350,17 880,11 412,10 944,0
252,8P0VU2JX,FVFIKTD1,02852519,3149597287437,Product_OLG74G,18 881,15 105,9 771,0,0
253,G4JSRQQH,LPMCLJ7C,39255970,7288211359556,Product_JDELP0,26 269,21 015,19 056,0,0
254,CJQCMYC0,KYVJX3IO,28106601,3388739214648,Product_LJ40Q8,30 769,24 615,14 313,0,0
255,BUQB2ZAY,99EP8U97,64218158,3550299839772,Product_MSNBPB,18 281,14 625,8 784,8 263,0
256,1D27M7GJ,MWGZP4PN,06633122,6821877549892,Product_E2N568,23 100,18 480,9 759,0,0
257,ZLQIQR14,C8F56VNI,84416932,5962078388012,Product_F5TTPX,25 594,20 475,13 542,11 568,14 345
258,LCQ1MNP9,QYGNP82T,35749589,3302685031002,Product_FGSWXM,7 969,6 375,3 062,0,3 771
259,UGACFBGF,PE64K0UE,27212993,4715484076256,Product_653SW6,32 963,26 370,18 207,15 815,19 131
260,6X2DGSZW,AZTRJ3RC,50746481,7872161457523,Product_VX0A34,12 863,10 290,6 761,6 290,0
261,HXDIVNG7,KUY9HQ9O,63454009,3936981559804,Product_HOZ1XK,40 631,32 505,28 143,0,22 484
262,QRS2BH56,THIQ995O,09345594,0007917491976,Product_GEZJQB,21 375,17 100,11 852,0,12 033
263,F3QBWZZ7,BVCBWA89,39591418,4818576997023,Product_4SE911,19 481,15 585,9 305,9 539,0
264,IVV6HMB5,2C3XR4MC,10824600,9008802175628,Product_8SNEVK,17 456,13 965,12 905,8 547,0
265,R82VWRWM,UGGGDEWO,69720099,3791133307888,Product_16IKPM,21 000,16 800,11 488,9 492,0
266,Y3UEUMMR,00OODNGI,10217476,5512587818397,Product_7N6JXS,18 281,14 625,10 001,0,10 236
267,HEN9AETB,VIA7YARP,53382331,2553133742123,Product_QGFH03,23 100,18 480,17 308,10 440,13 077
268,XRN85O24,X7PN5GYD,87229225,6926763713919,Product_DXTJS7,35 138,28 110,19 939,0,19 941
269,8JDZL3R0,EC1I4Y8S,49158037,2180553662901,Product_1SCCNJ,57 188,45 750,25 415,0,0
270,962TMQAN,REH3YC4Q,57461136,9484509105857,Product_2EYCBI,57 788,46 230,26 016,0,0
271,8V1KINWS,Z4Y0VRGL,32570730,2505029424298,Product_1DZCK1,18 881,15 105,10 189,8 553,0
272,UPQFUON4,2T738ORK,50357713,3112988352897,Product_9RU1V0,28 444,22 755,15 711,12 856,15 756
273,SOU39I9V,O2M2XSJB,15894308,2222801476376,Product_HFC6CX,17 456,13 965,9 420,7 889,9 804
274,ARRJXZN8,571MIQN7,33745757,8395841383188,Product_P7V17R,20 325,16 260,11 269,9 186,0
275,QWFWZ4MX,44BQGWUU,55008497,4001129070575,Product_X5OG1D,25 594,20 475,13 542,11 568,14 345
276,S2HQ536J,WSFFMZWN,94172574,4034055664332,Product_TFTTH1,33 488,26 790,17 069,0,19 007
277,K7VOWKD9,N0M7YP3Q,66308005,8345404103387,Product_EVUDTA,123 263,98 610,98 610,0,0
278,4Z2XX33Q,YZZIPF5Q,38064626,9615086247733,Product_FEYTEA,54 863,43 890,25 561,0,0
279,M9FAKVJW,GH81B7EC,30464027,2223895034652,Product_NV34YF,26 419,21 135,10 667,0,0
280,L9F1866M,0IOZLYG1,57477796,2370044655637,Product_6693Q0,28 819,23 055,8 189,0,0
281,8DQ4FKZ7,Q1TNQCWN,73222635,7259854816094,Product_UWBA8F,42 825,34 260,32 989,19 377,24 504
282,6BA0HP9O,4Q4JA813,30384029,7393418512133,Product_HL8ZI0,55 838,44 670,27 072,0,0
283,JDGOYF06,9SSY844D,78613389,1177678886336,Product_0F290Y,28 444,22 755,15 292,0,15 756
284,PPTHAYS7,L26G7641,36603226,6392793371188,Product_SQ1L92,67 698,54 158,17 344,34 317,0
285,FXRZSADI,NJMC4TF8,26602686,5909659370113,Product_NVY4TM,98 119,78 495,37 061,0,0
286,KJ4MFMYG,2YRIMB3U,18963223,2667142095504,Product_ZVZTKH,98 119,78 495,37 061,44 352,0
287,Q52AGKPO,8SYQCSML,42137727,5070338880810,Product_F3MTXU,21 945,17 556,11 772,11 311,0
288,4PNKSDFI,N75S3IJA,09525899,7143339266587,Product_WBUKBV,47 025,37 620,24 606,21 256,25 503
289,H4KJRBZS,H533XFSD,81665297,7988381724913,Product_B9U67Y,25 594,20 475,13 323,0,0
290,KYE2IV0W,QSYJW733,27493214,1047457840685,Product_ITDRDY,52 894,42 315,20 010,24 706,0
291,4CV466TA,613E385P,74952355,7949840990282,Product_L8YDHT,22 656,18 125,13 652,0,0
292,JBT4QOQO,CT3F293U,29231571,3047769578348,Product_6GP51F,40 631,32 505,22 442,20 871,22 206
293,1R6LGGDG,H5B16NKU,30110606,4871710679280,Product_YNMG3M,12 863,10 290,6 670,6 290,0
294,05LBWKTO,VUM65LRG,72894252,7777454094431,Product_G0QVJD,34 388,27 510,18 240,14 865,0
295,JVN3YXQ6,HZF47FUF,28086460,0451472809943,Product_2TIDZY,19 481,15 585,15 585,0,0
296,G144E7GC,0ABKF35T,10599055,1857559935378,Product_9AN1ON,26 269,21 015,14 171,11 873,14 933
297,U2XR9DC0,TYODUDJI,52620929,4598065353627,Product_EZWNL2,17 006,13 605,8 683,8 328,0
298,7AZZW981,FLL95FBU,88406574,7854930983123,Product_HHYMOP,19 331,15 465,14 106,9 465,0
299,MWGMYYWM,LBJO6D8G,03960722,0548860000307,Product_91KNKS,17 906,14 325,13 238,0,0
300,IU7BQGKJ,REW5818I,82308747,8825798483495,Product_H1YU0E,41 081,32 865,22 380,18 574,23 074
301,IRUCZB3X,S5PO0VRY,77963584,1988441138737,Product_LUC936,49 069,39 255,26 731,0,29 174
302,PU05E8OJ,96UBPXMV,55954996,2353131959098,Product_ZFSQOE,73 894,59 115,53 546,27 111,0
303,HPYU8IXG,9SMTSTKN,69612887,8237146615393,Product_WXQXMF,55 838,44 670,27 846,24 293,0
304,F07MYKLL,FIER0FKD,06803190,5068546537183,Product_FMSOFD,35 138,28 110,19 939,0,20 120
305,NJDXZYJP,YN0S364C,75924231,9712087462567,Product_MCOU6A,47 025,37 620,24 606,21 256,0
306,CS4756VO,STYD3JPH,50989142,2658577118567,Product_JYFTFL,28 444,22 755,15 770,0,0
307,045PP25O,ZNQ17WB1,15853501,0314305771137,Product_QLWSA5,83 906,67 125,41 489,0,0
308,M5CUKXOR,KODC48KK,06904855,6468926885952,Product_4JYA8F,32 888,26 310,16 946,14 865,0
309,M2ZRNLDG,TIMTCF20,99783926,8005285114502,Product_W8WSQF,56 738,45 390,26 435,0,0
310,4RJYRR6U,F33WN9WW,30250431,3695441703698,Product_SD5EXD,47 025,37 620,24 943,0,0
311,SD229UHS,77JKQ8VQ,69127934,1439417576403,Product_OS8ZJL,17 906,14 325,9 795,0,0
312,6ERQKQKX,B62NVDS7,49620234,6828926811885,Product_5QK9T8,37 256,29 805,20 578,0,0
313,J1B58DV9,3TJRO7TF,72326521,9228490889720,Product_2G6OFI,43 204,34 563,22 587,0,0
314,UH5SFL5I,RPNJAOJL,68755534,6213509432069,Product_RTM9P4,21 000,16 800,11 488,0,11 808
315,G2ENP4KX,AVJUP8SU,12761500,1629088398854,Product_F58HGC,59 981,47 985,33 267,27 113,35 905
316,USNSPJQ7,6RLSCDD1,70972109,9805068174886,Product_I854YJ,36 956,29 565,20 692,17 169,21 092
317,HUCYPLYZ,EITQVUL3,14103881,7118961016197,Product_VKQCMX,31 163,24 930,11 450,13 851,0
318,M0S67QGH,WMKOASNJ,16630344,3400459970662,Product_897I4R,20 325,16 260,15 229,0,0
319,Q10OJS1V,WRHAPX6L,38724269,5308802755322,Product_ELHJUW,12 863,10 290,6 761,6 290,0
